01050 - Расчеты управляющей компании с акционерным инвестиционным фондом, связанные с передачей (возвратом) денежных средств по договорам доверительного управления, за исключением выплаты вознаграждения управляющей компании  
01060 - Расчеты управляющей компании с владельцами инвестиционных паев, связанные с передачей в доверительное управление (возвратом) денежных средств, в том числе поступление денежных средств на транзитный счет в оплату инвестиционных паев, возврат денежных средств с транзитного счета, выплаты владельцам инвестиционных паев компенсаций и дохода за счет имущества паевого инвестиционного фонда
01070 - Расчеты управляющей компании с негосударственным пенсионным фондом, связанные с передачей (возвратом) денежных средств по договорам доверительного управления, за исключением выплаты вознаграждения управляющей компании
01081 - Расчеты управляющей компании по договорам доверительного управления с Пенсионным фондом Российской Федерации, за исключением выплаты вознаграждения управляющей компании
01082 - Расчеты управляющей компании  с Министерством обороны Российской Федерации по договорам доверительного управления  накоплениями для жилищного обеспечения военнослужащих, за исключением выплаты вознаграждения управляющей компании
01083 - Расчеты управляющей компании по договорам доверительного управления с государственной корпорацией, государственной компанией, за исключением выплаты вознаграждения управляющей компании
01089 - Расчеты управляющей компании по договорам доверительного управления со страховыми организациями, владельцами ипотечных сертификатов участия, иными юридическими и физическими лицами, за исключением выплаты вознаграждения управляющей компании, не указанные по кодам видов операций 01050 - 01083
01110 - Расчеты управляющей компании, связанные с размещением инвестиционных резервов акционерного инвестиционного фонда в ценные бумаги, исполнением обязательств по ценным бумагам
01120 - Операции по банковским счетам управляющей компании, связанные с размещением (возвратом) инвестиционных резервов акционерного инвестиционного фонда в депозиты (из депозитов), включая получение процентов по депозитам
01190 - Расчеты управляющей компании, связанные с размещением инвестиционных резервов акционерного инвестиционного фонда в другие объекты инвестирования
01210 - Расчеты управляющей компании, связанные с размещением средств паевого инвестиционного фонда в ценные бумаги, исполнением обязательств по ценным бумагам
01220 - Операции по банковским счетам  управляющей компании, связанные с размещением (возвратом) средств паевого инвестиционного фонда в депозиты (из депозитов), включая получение процентов по депозитам
01290 - Расчеты управляющей компании, связанные с размещением средств паевого инвестиционного фонда в другие объекты инвестирования, в том числе в недвижимое имущество; выдача (возврат) займов за счет имущества паевого инвестиционного фонда
01310 - Расчеты управляющей компании, связанные с размещением находящихся в доверительном управлении денежных средств негосударственного пенсионного фонда в ценные бумаги, исполнением обязательств по ценным бумагам
01320 - Операции по банковским счетам  управляющей компании, связанные с размещением (возвратом) находящихся в доверительном управлении денежных средств негосударственного пенсионного фонда в депозиты (из депозитов), включая получение процентов по депозитам
01390 - Расчеты управляющей компании, связанные с размещением находящихся в доверительном управлении денежных средств негосударственного пенсионного фонда в другие объекты инвестирования
01696 - Расчеты управляющей компании, связанные с инвестированием средств пенсионных накоплений, переданных ей в доверительное управление Пенсионным фондом Российской Федерации
01697 - Расчеты управляющей компании, связанные с размещением накоплений для жилищного обеспечения военнослужащих в ипотечные ценные бумаги
01698 - Расчеты управляющей компании, связанные с размещением временно свободных средств государственной корпорации, государственной компании
01699 - Расчеты управляющей компании, связанные с размещением средств страховых организаций, иных юридических и физических лиц в соответствии с договорами доверительного управления, включая расчеты по доверительному управлению ипотечным покрытием,  не указанные по кодам видов операций 01110 - 01698
01700 - Переводы с одного банковского счета на другой банковский счет управляющей компании, за исключением кода вида операции 01750
01750 - Расчеты по выплате вознаграждения управляющей компании в связи с деятельностью на основании лицензии на осуществление доверительного управления инвестиционными фондами, паевыми инвестиционными фондами и негосударственными пенсионными фондами
01770 - Расчеты управляющей компании с небанковской кредитной организацией, имеющей право на осуществление переводов денежных средств без открытия банковских счетов и связанных с ними иных банковских операций
01790 - Расчеты управляющей компании, связанные с размещением собственных средств управляющей компании
01810 - Внесение наличных денежных средств из кассы управляющей компании на ее банковский счет
01820 - Снятие наличных денежных средств с банковского счета управляющей компании для пополнения ее кассы
01850 - Выплаты управляющей компанией денежных средств на основании трудовых договоров
01855 - Выплаты управляющей компанией физическим лицам, в том числе индивидуальным предпринимателям, физическим лицам, занимающимся в установленном законодательством Российской Федерации порядке частной практикой, по гражданско-правовым договорам на выполнение работ и оказание услуг
01856 - Расчеты управляющей компании, связанные с выдачей работникам денежных средств под отчет на административно-хозяйственные и прочие расходы
01910 - Расчеты управляющей компании, связанные с взысканием денежных средств по решению судебных органов
01950 - Расчеты управляющей компании с бюджетом по налогам и сборам, включая перечисление сумм удержанного налога на доходы физических лиц, а также денежных средств во внебюджетные фонды 
01960 - Расчеты управляющей компании, связанные с доверительным управлением имуществом, составляющим целевой капитал некоммерческой организации
01970 - Прочие расчеты, связанные с управлением денежными средствами, входящими в состав активов, находящихся в доверительном управлении, а также имуществом, составляющим паевой инвестиционный фонд, не указанные по кодам видов операций 01050 - 01960
01990 - Прочие расчеты, связанные с текущей финансово-хозяйственной деятельностью управляющей компании, эксплуатацией недвижимого имущества, оплатой коммунальных и телекоммуникационных услуг, в том числе за счет собственных средств, не указанные по кодам видов операций 01050 - 01970, за исключением расчетов, управляющей компании, связанных с осуществлением профессиональной деятельности управляющей компании на рынке ценных бумаг
01010 - Продажа резидентом иностранной валюты за валюту Российской Федерации 
01030 - Покупка резидентом иностранной валюты за валюту Российской Федерации 
01040 - Покупка (продажа) резидентом одной иностранной валюты за другую иностранную валюту 
02010 - Покупка нерезидентом валюты Российской Федерации за иностранную валюту 
02020 - Продажа нерезидентом валюты Российской Федерации за иностранную валюту 
10100 - Расчеты нерезидента в виде предварительной оплаты резиденту товаров, вывозимых с территории Российской Федерации, в том числе по договору комиссии (агентскому договору, договору поручения) (авансовый платеж), за исключением расчетов, указанных в группе 22 Приложения 1 Инструкции Банка России от 16.08.2017 № 181-И "О порядке представления резидентами и нерезидентами уполномоченным банкам подтверждающих документов и информации при осуществлении валютных операций, о единых формах учета и отчетности по валютным операциям, порядке и сроках их представления"
10200 - Расчеты нерезидента при предоставлении резидентом отсрочки платежа за товары, вывезенные с территории Российской Федерации, в том числе по договору комиссии (агентскому договору, договору поручения (отсрочка платежа), за исключением расчетов, указанных в группе 22 Приложения 1 Инструкции Банка России от 16.08.2017 № 181-И "О порядке представления резидентами и нерезидентами уполномоченным банкам подтверждающих документов и информации при осуществлении валютных операций, о единых формах учета и отчетности по валютным операциям, порядке и сроках их представления"
10800 - Расчеты резидента в пользу нерезидента, связанные с возвратом излишне (ошибочно) полученных денежных средств при вывозе товаров с территории Российской Федерации, за исключением расчетов по коду 22800 Приложения 1 Инструкции Банка России от 16.08.2017 № 181-И "О порядке представления резидентами и нерезидентами уполномоченным банкам подтверждающих документов и информации при осуществлении валютных операций, о единых формах учета и отчетности по валютным операциям, порядке и сроках их представления"
11100 - Расчеты резидента в виде предварительной оплаты нерезиденту товаров, ввозимых на территорию Российской Федерации, в том числе по договору комиссии (агентскому договору, договору поручения) (авансовый платеж), за исключением расчетов, указанных в группе 23 Приложения 1 Инструкции Банка России от 16.08.2017 № 181-И "О порядке представления резидентами и нерезидентами уполномоченным банкам подтверждающих документов и информации при осуществлении валютных операций, о единых формах учета и отчетности по валютным операциям, порядке и сроках их представления"
11200 - Расчеты резидента при предоставлении нерезидентом отсрочки платежа за товары, ввезенные на территорию Российской Федерации, в том числе по договору комиссии (агентскому договору, договору поручения) (отсрочка платежа), за исключением расчетов, указанных в группе 23 Приложения 1 Инструкции Банка России от 16.08.2017 № 181-И "О порядке представления резидентами и нерезидентами уполномоченным банкам подтверждающих документов и информации при осуществлении валютных операций, о единых формах учета и отчетности по валютным операциям, порядке и сроках их представления"
11900 - Расчеты нерезидента в пользу резидента, связанные с возвратом излишне (ошибочно) полученных денежных средств при ввозе товаров на территорию Российской Федерации, за исключением расчетов по коду 23900 Приложения 1 Инструкции Банка России от 16.08.2017 № 181-И "О порядке представления резидентами и нерезидентами уполномоченным банкам подтверждающих документов и информации при осуществлении валютных операций, о единых формах учета и отчетности по валютным операциям, порядке и сроках их представления"
12050 - Расчеты нерезидента в пользу резидента за товары, продаваемые за пределами территории Российской Федерации без их ввоза на территорию Российской Федерации, за исключением расчетов по кодам 22110, 22210, 22300 Приложения 1 Инструкции Банка России от 16.08.2017 № 181-И "О порядке представления резидентами и нерезидентами уполномоченным банкам подтверждающих документов и информации при осуществлении валютных операций, о единых формах учета и отчетности по валютным операциям, порядке и сроках их представления"
12060 - Расчеты резидента в пользу нерезидента за товары, продаваемые за пределами территории Российской Федерации без их ввоза на территорию Российской Федерации, за исключением расчетов по кодам 23110, 23210, 23300 Приложения 1 Инструкции Банка России от 16.08.2017 № 181-И "О порядке представления резидентами и нерезидентами уполномоченным банкам подтверждающих документов и информации при осуществлении валютных операций, о единых формах учета и отчетности по валютным операциям, порядке и сроках их представления"
12800 - Расчеты резидента в пользу нерезидента, связанные с возвратом излишне (ошибочно) полученных денежных средств при продаже товаров за пределами территории Российской Федерации, за исключением расчетов по коду 22800 Приложения 1 Инструкции Банка России от 16.08.2017 № 181-И "О порядке представления резидентами и нерезидентами уполномоченным банкам подтверждающих документов и информации при осуществлении валютных операций, о единых формах учета и отчетности по валютным операциям, порядке и сроках их представления"
12900 - Расчеты нерезидента в пользу резидента, связанные с возвратом излишне (ошибочно) полученных денежных средств при продаже товаров за пределами территории Российской Федерации, за исключением расчетов по коду 23900 Приложения 1 Инструкции Банка России от 16.08.2017 № 181-И "О порядке представления резидентами и нерезидентами уполномоченным банкам подтверждающих документов и информации при осуществлении валютных операций, о единых формах учета и отчетности по валютным операциям, порядке и сроках их представления"
13010 - Расчеты нерезидента в пользу резидента за товары, продаваемые на территории Российской Федерации, за исключением расчетов по кодам 22110, 22210, 22300 Приложения 1 Инструкции Банка России от 16.08.2017 № 181-И "О порядке представления резидентами и нерезидентами уполномоченным банкам подтверждающих документов и информации при осуществлении валютных операций, о единых формах учета и отчетности по валютным операциям, порядке и сроках их представления"
13020 - Расчеты резидента в пользу нерезидента за товары, продаваемые на территории Российской Федерации, за исключением расчетов по кодам 23110, 23210, 23300 Приложения 1 Инструкции Банка России от 16.08.2017 № 181-И "О порядке представления резидентами и нерезидентами уполномоченным банкам подтверждающих документов и информации при осуществлении валютных операций, о единых формах учета и отчетности по валютным операциям, порядке и сроках их представления"
13800 - Расчеты резидента в пользу нерезидента, связанные с возвратом излишне (ошибочно) полученных денежных средств при продаже товаров на территории Российской Федерации, за исключением расчетов по коду 22800 Приложения 1 Инструкции Банка России от 16.08.2017 № 181-И "О порядке представления резидентами и нерезидентами уполномоченным банкам подтверждающих документов и информации при осуществлении валютных операций, о единых формах учета и отчетности по валютным операциям, порядке и сроках их представления"
13900 - Расчеты нерезидента в пользу резидента, связанные с возвратом излишне (ошибочно) полученных денежных средств при продаже товаров на территории Российской Федерации, за исключением расчетов по коду 23900 Приложения 1 Инструкции Банка России от 16.08.2017 № 181-И "О порядке представления резидентами и нерезидентами уполномоченным банкам подтверждающих документов и информации при осуществлении валютных операций, о единых формах учета и отчетности по валютным операциям, порядке и сроках их представления"
20100 - Расчеты нерезидента в виде предварительной оплаты выполняемых резидентом работ, оказываемых услуг, передаваемых информации и результатов интеллектуальной деятельности, в том числе исключительных прав на них, включая выполнение указанных обязательств по договору комиссии (агентскому договору, договору поручения), а также расчеты, связанные с предварительной выплатой вознаграждения резиденту - доверительному управляющему по договору доверительного управления имуществом, резиденту-брокеру по договору о брокерском обслуживании, резиденту - клиринговой организации по договору об оказании клиринговых услуг (авансовый платеж), за исключением расчетов по коду 20400, расчетов, указанных в группе 22 Приложения 1 Инструкции Банка России от 16.08.2017 № 181-И "О порядке представления резидентами и нерезидентами уполномоченным банкам подтверждающих документов и информации при осуществлении валютных операций, о единых формах учета и отчетности по валютным операциям, порядке и сроках их представления"
20200 - Расчеты нерезидента за выполненные резидентом работы, оказанные услуги, переданные информацию и результаты интеллектуальной деятельности, в том числе исключительные права на них, включая выполнение указанных обязательств по договору комиссии (агентскому договору, договору поручения), а также расчеты, связанные с выплатой вознаграждения резиденту - доверительному управляющему по договору доверительного управления имуществом, резиденту-брокеру по договору о брокерском обслуживании, резиденту - клиринговой организации по договору об оказании клиринговых услуг (отсрочка платежа), за исключением расчетов по коду 20400, расчетов, указанных в группе 22 Приложения 1 Инструкции Банка России от 16.08.2017 № 181-И "О порядке представления резидентами и нерезидентами уполномоченным банкам подтверждающих документов и информации при осуществлении валютных операций, о единых формах учета и отчетности по валютным операциям, порядке и сроках их представления"
20300 - Расчеты нерезидента в пользу резидента по договору аренды движимого и (или) недвижимого имущества, за исключением расчетов по договору финансовой аренды (лизинга) 
20400 - Расчеты нерезидента-комитента (принципала, доверителя) в пользу резидента-комиссионера (агента, поверенного) в связи с оплатой приобретения у третьих лиц товаров, работ, услуг, информации и результатов интеллектуальной деятельности, в том числе исключительных прав на них, для нерезидента в соответствии с договором комиссии (агентским договором, договором поручения), за исключением расчетов, указанных в группе 58 Приложения 1 Инструкции Банка России от 16.08.2017 № 181-И "О порядке представления резидентами и нерезидентами уполномоченным банкам подтверждающих документов и информации при осуществлении валютных операций, о единых формах учета и отчетности по валютным операциям, порядке и сроках их представления"
20500 - Расчеты резидента-комиссионера (агента, поручителя) в пользу нерезидента-комитента (принципала, доверителя) в связи с оказанием резидентом услуг по реализации иным лицам товаров, работ, услуг, информации и результатов интеллектуальной деятельности, в том числе исключительных прав на них, нерезидента в соответствии с договором комиссии (агентским договором, договором поручения), за исключением расчетов, указанных в группе 58 Приложения 1 Инструкции Банка России от 16.08.2017 № 181-И "О порядке представления резидентами и нерезидентами уполномоченным банкам подтверждающих документов и информации при осуществлении валютных операций, о единых формах учета и отчетности по валютным операциям, порядке и сроках их представления"
20800 - Расчеты резидента в пользу нерезидента, связанные с возвратом излишне (ошибочно) полученных денежных средств за выполнение резидентом работ, оказание услуг, передачу информации и результатов интеллектуальной деятельности, в том числе исключительных прав на них, за исключением расчетов, указанных в группах 22 и 58 Приложения 1 Инструкции Банка России от 16.08.2017 № 181-И "О порядке представления резидентами и нерезидентами уполномоченным банкам подтверждающих документов и информации при осуществлении валютных операций, о единых формах учета и отчетности по валютным операциям, порядке и сроках их представления"
21100 - Расчеты резидента в виде предварительной оплаты выполняемых нерезидентом работ, оказываемых услуг, передаваемых информации и результатов интеллектуальной деятельности, в том числе исключительных прав на них, включая выполнение указанных обязательств по договору комиссии (агентскому договору, договору поручения), а также расчеты, связанные с предварительной выплатой вознаграждения нерезиденту - доверительному управляющему по договору доверительного управления имуществом, нерезиденту-брокеру по договору о брокерском обслуживании, нерезиденту - клиринговой организации по договору об оказании клиринговых услуг (авансовый платеж), за исключением расчетов по коду 21400, расчетов, указанных в группе 23 Приложения 1 Инструкции Банка России от 16.08.2017 № 181-И "О порядке представления резидентами и нерезидентами уполномоченным банкам подтверждающих документов и информации при осуществлении валютных операций, о единых формах учета и отчетности по валютным операциям, порядке и сроках их представления"
21200 - Расчеты резидента за выполненные нерезидентом работы, оказанные услуги, переданную информацию и результаты интеллектуальной деятельности, в том числе исключительные права на них, включая выполнение указанных обязательств по договору комиссии (агентскому договору, договору поручения), а также расчеты, связанные с выплатой вознаграждения нерезиденту - доверительному управляющему по договору доверительного управления имуществом, нерезиденту-брокеру по договору о брокерском обслуживании, нерезиденту - клиринговой организации по договору об оказании клиринговых услуг) (отсрочка платежа), за исключением расчетов по коду 21400, расчетов, указанных в группе 23 Приложения 1 Инструкции Банка России от 16.08.2017 № 181-И "О порядке представления резидентами и нерезидентами уполномоченным банкам подтверждающих документов и информации при осуществлении валютных операций, о единых формах учета и отчетности по валютным операциям, порядке и сроках их представления"
21300 - Расчеты резидента в пользу нерезидента по договору аренды движимого и (или) недвижимого имущества, за исключением расчетов по договору финансовой аренды (лизинга) 
21400 - Расчеты резидента-комитента (принципала, доверителя) в пользу нерезидента-комиссионера (агента, поверенного) в связи с оплатой приобретения у третьих лиц товаров, работ, услуг, информации и результатов интеллектуальной деятельности, в том числе исключительных прав на них, для резидента в соответствии с договором комиссии (агентским договором, договором поручения), за исключением расчетов, указанных в группе 58 Приложения 1 Инструкции Банка России от 16.08.2017 № 181-И "О порядке представления резидентами и нерезидентами уполномоченным банкам подтверждающих документов и информации при осуществлении валютных операций, о единых формах учета и отчетности по валютным операциям, порядке и сроках их представления"
21500 - Расчеты нерезидента-комиссионера (агента, поручителя) в пользу резидента-комитента (принципала, доверителя) в связи с оказанием нерезидентом услуг по реализации иным лицам товаров, работ, услуг, информации и результатов интеллектуальной деятельности, в том числе исключительных прав на них, резидента в соответствии с договором комиссии (агентским договором, договором поручения), за исключением расчетов, указанных в группе 58 Приложения 1 Инструкции Банка России от 16.08.2017 № 181-И "О порядке представления резидентами и нерезидентами уполномоченным банкам подтверждающих документов и информации при осуществлении валютных операций, о единых формах учета и отчетности по валютным операциям, порядке и сроках их представления"
21900 - Расчеты нерезидента в пользу резидента, связанные с возвратом излишне (ошибочно) полученных денежных средств за выполнение нерезидентом работ, оказание услуг, передачу информации и результатов интеллектуальной деятельности, в том числе исключительных прав на них, за исключением расчетов, указанных в группах 23 и 58 Приложения 1 Инструкции Банка России от 16.08.2017 № 181-И "О порядке представления резидентами и нерезидентами уполномоченным банкам подтверждающих документов и информации при осуществлении валютных операций, о единых формах учета и отчетности по валютным операциям, порядке и сроках их представления"
22100 - Расчеты нерезидента, в том числе являющегося комитентом (принципалом, доверителем), в виде предварительной оплаты резиденту, в том числе являющемуся комиссионером (агентом, поручителем), товаров, вывозимых с территории Российской Федерации, выполняемых работ, оказываемых услуг, передаваемых информации и результатов интеллектуальной деятельности, в том числе исключительных прав на них (авансовый платеж), за исключением расчетов по кодам 20100 и 22110 Приложения 1 Инструкции Банка России от 16.08.2017 № 181-И "О порядке представления резидентами и нерезидентами уполномоченным банкам подтверждающих документов и информации при осуществлении валютных операций, о единых формах учета и отчетности по валютным операциям, порядке и сроках их представления"
22110 - Расчеты нерезидента в виде предварительной оплаты резиденту поставляемых товаров, выполняемых работ, оказываемых услуг, передаваемых информации и результатов интеллектуальной деятельности, в том числе исключительных прав на них, по договорам, указанным в подпункте 4.1.2 пункта 4.1 Инструкции Банка России от 16.08.2017 № 181-И "О порядке представления резидентами и нерезидентами уполномоченным банкам подтверждающих документов и информации при осуществлении валютных операций, о единых формах учета и отчетности по валютным операциям, порядке и сроках их представления"  (авансовый платеж)
22200 - Расчеты нерезидента, в том числе являющегося комитентом (принципалом, доверителем), при предоставлении резидентом, в том числе являющимся комиссионером (агентом, поручителем), отсрочки платежа за вывезенные с территории Российской Федерации товары, выполненные работы, оказанные услуги, переданные информацию и результаты интеллектуальной деятельности, в том числе исключительные права на них (отсрочка платежа), за исключением расчетов по кодам 20200 и 22210 Приложения 1 Инструкции Банка России от 16.08.2017 № 181-И "О порядке представления резидентами и нерезидентами уполномоченным банкам подтверждающих документов и информации при осуществлении валютных операций, о единых формах учета и отчетности по валютным операциям, порядке и сроках их представления"
22210 - Расчеты нерезидента при предоставлении резидентом отсрочки платежа за поставленные товары, выполненные работы, оказанные услуги, переданные информацию и результаты интеллектуальной деятельности, в том числе исключительные права на них, по договорам, указанным в подпункте 4.1.2 пункта 4.1 Инструкции Банка России от 16.08.2017 № 181-И "О порядке представления резидентами и нерезидентами уполномоченным банкам подтверждающих документов и информации при осуществлении валютных операций, о единых формах учета и отчетности по валютным операциям, порядке и сроках их представления"  (отсрочка платежа)
22300 - Расчеты нерезидента в пользу резидента по договору финансовой аренды (лизинга) 
22800 - Расчеты резидента в пользу нерезидента, связанные с возвратом излишне (ошибочно) полученных денежных средств по договорам смешанного типа
23100 - Расчеты резидента, в том числе являющегося комитентом (принципалом, доверителем), в виде предварительной оплаты нерезиденту, в том числе являющемуся комиссионером (агентом, поручителем), товаров, ввозимых на территорию Российской Федерации, выполняемых работ, оказываемых услуг, передаваемых информации и результатов интеллектуальной деятельности, в том числе исключительных прав на них (авансовый платеж), за исключением расчетов по кодам 21100 и 23110 Приложения 1 Инструкции Банка России от 16.08.2017 № 181-И "О порядке представления резидентами и нерезидентами уполномоченным банкам подтверждающих документов и информации при осуществлении валютных операций, о единых формах учета и отчетности по валютным операциям, порядке и сроках их представления"
23110 - Расчеты резидента в виде предварительной оплаты нерезиденту поставляемых товаров, выполняемых работ, оказываемых услуг, передаваемых информации и результатов интеллектуальной деятельности, в том числе исключительных прав на них, по договорам, указанным в подпункте 4.1.2 пункта 4.1 Инструкции Банка России от 16.08.2017 № 181-И "О порядке представления резидентами и нерезидентами уполномоченным банкам подтверждающих документов и информации при осуществлении валютных операций, о единых формах учета и отчетности по валютным операциям, порядке и сроках их представления"  (авансовый платеж)
23200 - Расчеты резидента, в том числе являющегося комитентом (принципалом, доверителем), при предоставлении нерезидентом, в том числе являющимся комиссионером (агентом, поручителем), отсрочки платежа за ввезенные на территорию Российской Федерации товары, выполненные работы, оказанные услуги, переданные информацию и результаты интеллектуальной деятельности, в том числе исключительные права на них (отсрочка платежа), за исключением расчетов по кодам 21200 и 23210 Приложения 1 Инструкции Банка России от 16.08.2017 № 181-И "О порядке представления резидентами и нерезидентами уполномоченным банкам подтверждающих документов и информации при осуществлении валютных операций, о единых формах учета и отчетности по валютным операциям, порядке и сроках их представления"
23210 - Расчеты резидента при предоставлении нерезидентом отсрочки платежа за поставленные товары, выполненные работы, оказанные услуги, переданные информацию и результаты интеллектуальной деятельности, в том числе исключительные права на них, по договорам, указанным в подпункте 4.1.2 пункта 4.1 Инструкции Банка России от 16.08.2017 № 181-И "О порядке представления резидентами и нерезидентами уполномоченным банкам подтверждающих документов и информации при осуществлении валютных операций, о единых формах учета и отчетности по валютным операциям, порядке и сроках их представления" (отсрочка платежа)
23300 - Расчеты резидента в пользу нерезидента по договору финансовой аренды (лизинга) 
23900 - Расчеты нерезидента в пользу резидента, связанные с возвратом излишне (ошибочно) полученных денежных средств по договорам смешанного типа
30010 - Расчеты нерезидента в пользу резидента за недвижимое имущество, приобретаемое за пределами территории Российской Федерации, в том числе связанные с долевым участием нерезидента в строительстве резидентом недвижимого имущества за пределами территории Российской Федерации 
30020 - Расчеты резидента в пользу нерезидента за недвижимое имущество, приобретаемое за пределами территории Российской Федерации, в том числе связанные с долевым участием резидента в строительстве нерезидентом недвижимого имущества за пределами территории Российской Федерации 
30030 - Расчеты нерезидента в пользу резидента за недвижимое имущество, приобретаемое на территории Российской Федерации, в том числе связанные с долевым участием нерезидента в строительстве резидентом недвижимого имущества на территории Российской Федерации 
30040 - Расчеты резидента в пользу нерезидента за недвижимое имущество, приобретаемое на территории Российской Федерации, в том числе связанные с долевым участием резидента в строительстве нерезидентом недвижимого имущества на территории Российской Федерации 
30800 - Расчеты резидента в пользу нерезидента, связанные с возвратом излишне (ошибочно) полученных денежных средств по операциям с недвижимым имуществом, в том числе связанным с долевым участием в строительстве недвижимого имущества
30900 - Расчеты нерезидента в пользу резидента, связанные с возвратом излишне (ошибочно) полученных денежных средств по операциям с недвижимым имуществом, в том числе связанным с долевым участием в строительстве недвижимого имущества
32010 - Расчеты нерезидента в пользу резидента за уступаемое резидентом требование нерезиденту в соответствии с договором уступки требования 
32015 - Расчеты резидента в пользу нерезидента за уступаемое нерезидентом требование резиденту в соответствии с договором уступки требования 
32020 - Расчеты нерезидента в пользу резидента за переводимый нерезидентом долг на резидента в соответствии с договором перевода долга 
32025 - Расчеты резидента в пользу нерезидента за переводимый резидентом долг на нерезидента в соответствии с договором перевода долга 
32800 - Расчеты резидента в пользу нерезидента, связанные с возвратом излишне (ошибочно) полученных денежных средств по договорам уступки требования (перевода долга)
32900 - Расчеты нерезидента в пользу резидента, связанные с возвратом излишне (ошибочно) полученных денежных средств по договорам уступки требования (перевода долга)
35030 - Расчеты нерезидента в пользу резидента по прочим операциям, связанным с внешнеторговой деятельностью и прямо не указанным в группах 10 - 23 Приложения 1 Инструкции Банка России от 16.08.2017 № 181-И "О порядке представления резидентами и нерезидентами уполномоченным банкам подтверждающих документов и информации при осуществлении валютных операций, о единых формах учета и отчетности по валютным операциям, порядке и сроках их представления"
35040 - Расчеты резидента в пользу нерезидента по прочим операциям, связанным с внешнеторговой деятельностью и прямо не указанным в группах 10 - 23 Приложения 1 Инструкции Банка России от 16.08.2017 № 181-И "О порядке представления резидентами и нерезидентами уполномоченным банкам подтверждающих документов и информации при осуществлении валютных операций, о единых формах учета и отчетности по валютным операциям, порядке и сроках их представления"
40030 - Расчеты резидента в пользу нерезидента при предоставлении денежных средств по договору займа 
40035 - Расчеты физического лица – резидента в пользу нерезидента при предоставлении денежных средств по договору займа
40900 - Расчеты нерезидента в пользу резидента, связанные с возвратом излишне (ошибочно) полученных денежных средств при предоставлении резидентом нерезиденту займа по договору займа
40905 - Расчеты нерезидента в пользу физического лица – резидента, связанные с возвратом излишне (ошибочно) полученных денежных средств при предоставлении физическим лицом – резидентом нерезиденту займа по договору займа
41030 - Расчеты нерезидента в пользу резидента при предоставлении денежных средств по кредитному договору, договору займа 
41800 - Расчеты резидента в пользу нерезидента, связанные с возвратом излишне (ошибочно) полученных денежных средств при предоставлении нерезидентом резиденту кредита или займа по кредитному договору, договору займа
42015 - Расчеты резидента в пользу нерезидента по возврату основного долга по кредитному договору, договору займа 
42035 - Расчеты резидента в пользу нерезидента по выплате процентов по кредитному договору, договору займа 
42050 - Прочие расчеты резидента в пользу нерезидента, связанные с уплатой премий (комиссий) и иных денежных средств по привлеченному кредиту, займу 
42900 - Расчеты нерезидента в пользу резидента, связанные с возвратом излишне (ошибочно) полученных денежных средств при погашении резидентом основного долга по кредитному договору, договору займа
42950 - Расчеты нерезидента в пользу резидента, связанные с возвратом излишне (ошибочно) полученных процентов по кредитному договору, договору займа
43015 - Расчеты нерезидента в пользу резидента по возврату основного долга по договору займа 
43025 - Расчеты нерезидента в пользу физического лица – резидента по возврату основного долга по договору займа
43035 - Расчеты нерезидента в пользу резидента по выплате процентов по договору займа 
43045 - Расчеты нерезидента в пользу физического лица – резидента по выплате процентов по договору займа
43050 - Прочие расчеты нерезидента в пользу резидента, связанные с уплатой премий (комиссий) и иных денежных средств по привлеченному займу 
43055 - Прочие расчеты нерезидента в пользу физического лица – резидента, связанные с уплатой премий (комиссий) и иных денежных средств по привлеченному займу
43800 - Расчеты резидента в пользу нерезидента, связанные с возвратом излишне (ошибочно) полученных денежных средств при возврате основного долга нерезидентом по договору займа
43805 - Расчеты физического лица – резидента в пользу нерезидента, связанные с возвратом излишне (ошибочно) полученных денежных средств при возврате основного долга нерезидентом по договору займа
43850 - Расчеты резидента в пользу нерезидента, связанные с возвратом излишне (ошибочно) полученных денежных средств при погашении процентов по договору займа
43855 - Расчеты физического лица – резидента в пользу нерезидента, связанные с возвратом излишне (ошибочно) полученных денежных средств при погашении процентов по договору займа
50100 - Расчеты резидента в пользу нерезидента по операциям с долями, вкладами, паями в имуществе (уставном или складочном капитале, паевом фонде кооператива) юридического лица, а также по договору простого товарищества 
50110 - Расчеты резидента в пользу нерезидента при выплате дивидендов (доходов) от инвестиций в форме капитальных вложений 
50200 - Расчеты нерезидента в пользу резидента по операциям с долями, вкладами, паями в имуществе (уставном или складочном капитале, паевом фонде кооператива) юридического лица, а также по договору простого товарищества 
50210 - Расчеты нерезидента в пользу резидента при выплате дивидендов (доходов) от инвестиций в форме капитальных вложений 
50300 - Прочие расчеты резидента в пользу нерезидента по операциям, связанным с инвестированием в форме капитальных вложений, за исключением операций по коду 50100 Приложения 1 Инструкции Банка России от 16.08.2017 № 181-И "О порядке представления резидентами и нерезидентами уполномоченным банкам подтверждающих документов и информации при осуществлении валютных операций, о единых формах учета и отчетности по валютным операциям, порядке и сроках их представления"
50400 - Прочие расчеты нерезидента в пользу резидента по операциям, связанным с инвестированием в форме капитальных вложений, за исключением операций по коду 50200 Приложения 1 Инструкции Банка России от 16.08.2017 № 181-И "О порядке представления резидентами и нерезидентами уполномоченным банкам подтверждающих документов и информации при осуществлении валютных операций, о единых формах учета и отчетности по валютным операциям, порядке и сроках их представления"
50800 - Расчеты резидента в пользу нерезидента, связанные с возвратом нерезиденту излишне (ошибочно) полученных денежных средств по операциям, связанным с оплатой нерезидентом доли, вклада, пая в имуществе (уставном или складочном капитале, паевом фонде кооператива) юридического лица, а также взноса по договору простого товарищества с инвестированием в форме капитальных вложений, а также при ликвидации юридического лица - резидента
50900 - Расчеты нерезидента в пользу резидента, связанные с возвратом резиденту излишне (ошибочно) полученных денежных средств по операциям, связанным с оплатой резидентом доли, вклада, пая в имуществе (уставном или складочном капитале, паевом фонде кооператива) юридического лица, а также взноса по договору простого товарищества с инвестированием в форме капитальных вложений, а также при ликвидации юридического лица - нерезидента
51210 - Расчеты нерезидента в пользу резидента за приобретаемые облигации, акции и иные эмиссионные ценные бумаги резидентов 
51215 - Расчеты нерезидента в пользу резидента за приобретаемые облигации, акции и иные эмиссионные ценные бумаги нерезидентов 
51230 - Расчеты нерезидента в пользу резидента за приобретаемые паи инвестиционных фондов, учредителем которых является резидент 
51235 - Расчеты нерезидента в пользу резидента за приобретаемые паи инвестиционных фондов, учредителем которых является нерезидент 
51250 - Расчеты нерезидента в пользу резидента за приобретаемые векселя и иные неэмиссионные ценные бумаги, выданные резидентом 
51255 - Расчеты нерезидента в пользу резидента за приобретаемые векселя и иные неэмиссионные ценные бумаги, выданные нерезидентами 
51800 - Расчеты резидента в пользу нерезидента, связанные с возвратом излишне (ошибочно) полученных денежных средств по операциям с ценными бумагами (правами, удостоверенными ценными бумагами), а также денежных средств по таким неисполненным обязательствам
52210 - Расчеты резидента в пользу нерезидента за приобретаемые облигации, акции и иные эмиссионные ценные бумаги резидентов 
52215 - Расчеты резидента в пользу нерезидента за приобретаемые облигации, акции и иные эмиссионные ценные бумаги нерезидентов 
52230 - Расчеты резидента в пользу нерезидента за приобретаемые паи инвестиционных фондов, учредителем которых является нерезидент 
52235 - Расчеты резидента в пользу нерезидента за приобретаемые паи инвестиционных фондов, учредителем которых является резидент 
52250 - Расчеты резидента в пользу нерезидента за приобретаемые векселя и иные неэмиссионные ценные бумаги, выданные резидентами 
52255 - Расчеты резидента в пользу нерезидента за приобретаемые векселя и иные неэмиссионные ценные бумаги, выданные нерезидентами 
52900 - Расчеты нерезидента в пользу резидента, связанные с возвратом излишне (ошибочно) полученных денежных средств по операциям с ценными бумагами (правами, удостоверенными ценными бумагами), а также денежных средств по таким неисполненным обязательствам
55210 - Расчеты резидента в пользу нерезидента при исполнении резидентом обязательств по облигациям, акциям и иным эмиссионным ценным бумагам 
55230 - Расчеты резидента в пользу нерезидента при выплате доходов по паям инвестиционных фондов 
55250 - Расчеты резидента в пользу нерезидента при исполнении резидентом обязательств по векселям и иным неэмиссионным ценным бумагам 
55310 - Расчеты нерезидента в пользу резидента при исполнении нерезидентом обязательств по облигациям и иным эмиссионным ценным бумагам 
55330 - Расчеты нерезидента в пользу резидента при выплате доходов по паям инвестиционных фондов 
55350 - Расчеты нерезидента в пользу резидента при исполнении нерезидентом обязательств по векселям и иным неэмиссионным ценным бумагам 
55800 - Расчеты резидента в пользу нерезидента, связанные с возвратом излишне (ошибочно) полученных денежных средств при исполнении обязательств по операциям с ценными бумагами, а также денежных средств по неисполненным обязательствам
55900 - Расчеты нерезидента в пользу резидента, связанные с возвратом излишне (ошибочно) полученных денежных средств при исполнении обязательств по операциям с ценными бумагами, а также денежных средств по неисполненным обязательствам
56010 - Расчеты нерезидента в пользу резидента по операциям со срочными и производными финансовыми инструментами (премии, маржевые и гарантийные взносы и иные денежные средства, перечисляемые в соответствии с условиями таких контрактов), за исключением расчетов, связанных с поставкой базисного актива 
56060 - Расчеты резидента в пользу нерезидента по операциям со срочными и производными финансовыми инструментами (премии, маржевые и гарантийные взносы и иные денежные средства, перечисляемые в соответствии с условиями таких контрактов), за исключением расчетов, связанных с поставкой базисного актива 
56800 - Расчеты резидента, связанные с возвратом нерезиденту излишне (ошибочно) перечисленных денежных средств, а также денежных средств по неисполненным обязательствам, указанным в группе 56 Приложения 1 Инструкции Банка России от 16.08.2017 № 181-И "О порядке представления резидентами и нерезидентами уполномоченным банкам подтверждающих документов и информации при осуществлении валютных операций, о единых формах учета и отчетности по валютным операциям, порядке и сроках их представления"
56900 - Расчеты нерезидента, связанные с возвратом резиденту излишне (ошибочно) перечисленных денежных средств, а также денежных средств по неисполненным обязательствам, указанным в группе 56 Приложения 1 Инструкции Банка России от 16.08.2017 № 181-И "О порядке представления резидентами и нерезидентами уполномоченным банкам подтверждающих документов и информации при осуществлении валютных операций, о единых формах учета и отчетности по валютным операциям, порядке и сроках их представления"
57010 - Расчеты резидента - учредителя управления в пользу резидента - доверительного управляющего в иностранной валюте, включая выплаты вознаграждения доверительного управляющего
57015 - Расчеты резидента - доверительного управляющего в пользу резидента - учредителя управления в иностранной валюте 
57020 - Расчеты нерезидента - учредителя управления в пользу резидента - доверительного управляющего, за исключением выплаты вознаграждения резиденту - доверительному управляющему
57025 - Расчеты резидента - доверительного управляющего в пользу нерезидента - учредителя управления, за исключением расчетов по коду 57800 Приложения 1 Инструкции Банка России от 16.08.2017 № 181-И "О порядке представления резидентами и нерезидентами уполномоченным банкам подтверждающих документов и информации при осуществлении валютных операций, о единых формах учета и отчетности по валютным операциям, порядке и сроках их представления"
57030 - Расчеты резидента - учредителя управления в пользу нерезидента - доверительного управляющего, за исключением выплаты вознаграждения нерезиденту - доверительному управляющему
57035 - Расчеты нерезидента - доверительного управляющего в пользу резидента - учредителя управления, за исключением расчетов по коду 57900 Приложения 1 Инструкции Банка России от 16.08.2017 № 181-И "О порядке представления резидентами и нерезидентами уполномоченным банкам подтверждающих документов и информации при осуществлении валютных операций, о единых формах учета и отчетности по валютным операциям, порядке и сроках их представления"
57800 - Расчеты резидента, связанные с возвратом нерезиденту излишне (ошибочно) перечисленных денежных средств по договорам доверительного управления имуществом
57900 - Расчеты нерезидента, связанные с возвратом резиденту излишне (ошибочно) перечисленных денежных средств по договорам доверительного управления имуществом
58010 - Расчеты резидента в пользу брокера-нерезидента по договору о брокерском обслуживании, за исключением выплаты вознаграждения брокеру-нерезиденту
58015 - Расчеты брокера-нерезидента в пользу резидента по договору о брокерском обслуживании, за исключением расчетов по коду 58900 Приложения 1 Инструкции Банка России от 16.08.2017 № 181-И "О порядке представления резидентами и нерезидентами уполномоченным банкам подтверждающих документов и информации при осуществлении валютных операций, о единых формах учета и отчетности по валютным операциям, порядке и сроках их представления"
58020 - Расчеты нерезидента в пользу брокера-резидента по договору о брокерском обслуживании, за исключением выплаты вознаграждения брокеру-резиденту
58025 - Расчеты брокера-резидента в пользу нерезидента по договору о брокерском обслуживании, за исключением расчетов по коду 58800 Приложения 1 Инструкции Банка России от 16.08.2017 № 181-И "О порядке представления резидентами и нерезидентами уполномоченным банкам подтверждающих документов и информации при осуществлении валютных операций, о единых формах учета и отчетности по валютным операциям, порядке и сроках их представления"
58030 - Расчеты между резидентами в иностранной валюте по договору о брокерском обслуживании, включая выплаты вознаграждения брокера 
58800 - Расчеты резидента, связанные с возвратом нерезиденту излишне (ошибочно) перечисленных денежных средств по договору о брокерском обслуживании
58900 - Расчеты нерезидента, связанные с возвратом резиденту излишне (ошибочно) перечисленных денежных средств по договору о брокерском обслуживании
59010 - Расчеты резидента в пользу клиринговой организации - нерезидента по договору об оказании клиринговых услуг, за исключением выплаты вознаграждения клиринговой организации - нерезиденту
59015 - Расчеты клиринговой организации - нерезидента в пользу резидента по договору об оказании клиринговых услуг, за исключением расчетов по коду 59900 Приложения 1 Инструкции Банка России от 16.08.2017 № 181-И "О порядке представления резидентами и нерезидентами уполномоченным банкам подтверждающих документов и информации при осуществлении валютных операций, о единых формах учета и отчетности по валютным операциям, порядке и сроках их представления"
59020 - Расчеты нерезидента в пользу клиринговой организации - резидента по договору об оказании клиринговых услуг, за исключением выплаты вознаграждения клиринговой организации - резиденту
59025 - Расчеты клиринговой организации - резидента в пользу нерезидента по договору об оказании клиринговых услуг, за исключением расчетов по коду 59800 Приложения 1 Инструкции Банка России от 16.08.2017 № 181-И "О порядке представления резидентами и нерезидентами уполномоченным банкам подтверждающих документов и информации при осуществлении валютных операций, о единых формах учета и отчетности по валютным операциям, порядке и сроках их представления"
59800 - Расчеты резидента, связанные с возвратом нерезиденту излишне (ошибочно) перечисленных денежных средств, а также денежных средств по неисполненным обязательствам по договору об оказании клиринговых услуг
59900 - Расчеты нерезидента, связанные с возвратом резиденту излишне (ошибочно) перечисленных денежных средств, а также денежных средств по неисполненным обязательствам по договору об оказании клиринговых услуг
60070 - Переводы валюты Российской Федерации с банковского счета нерезидента в валюте Российской Федерации на другой банковский счет (счет по депозиту) в валюте Российской Федерации этого нерезидента, открытый в этом же уполномоченном банке, со счета по депозиту нерезидента в валюте Российской Федерации на банковский счет этого нерезидента, открытый в этом же уполномоченном банке
60071 - Переводы валюты Российской Федерации с банковского счета нерезидента в валюте Российской Федерации, открытого в уполномоченном банке, на банковский счет (счет по депозиту) в валюте Российской Федерации этого нерезидента, открытый в другом уполномоченном банке, со счета по депозиту нерезидента в валюте Российской Федерации на банковский счет этого нерезидента, открытый в другом уполномоченном банке 
60075 - Переводы валюты Российской Федерации с банковского счета нерезидента в валюте Российской Федерации, открытого в уполномоченном банке, на банковский счет (счет по депозиту) в валюте Российской Федерации этого нерезидента, открытый в банке-нерезиденте 
60076 - Переводы валюты Российской Федерации с банковского счета (счета по депозиту) нерезидента в валюте Российской Федерации, открытого в банке-нерезиденте, на банковский счет в валюте Российской Федерации этого нерезидента, открытый в уполномоченном банке 
60080 - Переводы валюты Российской Федерации с банковского счета нерезидента в валюте Российской Федерации на банковский счет (счет по депозиту) в валюте Российской Федерации другого нерезидента, открытый в этом же уполномоченном банке 
60081 - Переводы валюты Российской Федерации с банковского счета нерезидента в валюте Российской Федерации, открытого в уполномоченном банке, на банковский счет (счет по депозиту) в валюте Российской Федерации другого нерезидента, открытый в другом уполномоченном банке 
60085 - Переводы валюты Российской Федерации с банковского счета нерезидента в валюте Российской Федерации, открытого в уполномоченном банке, на банковский счет (счет по депозиту) в валюте Российской Федерации другого нерезидента, открытый в банке-нерезиденте 
60086 - Переводы валюты Российской Федерации с банковского счета (счета по депозиту) нерезидента в валюте Российской Федерации, открытого в банке-нерезиденте, на банковский счет в валюте Российской Федерации другого нерезидента, открытый в уполномоченном банке 
60090 - Снятие наличной валюты Российской Федерации со счета нерезидента в валюте Российской Федерации, открытого в уполномоченном банке 
60095 - Зачисление наличной валюты Российской Федерации на счет нерезидента в валюте Российской Федерации, открытый в уполномоченном банке 
60200 - Списание валюты Российской Федерации с банковского счета нерезидента в валюте Российской Федерации, открытого в уполномоченном банке, с использованием банковской карты 
61070 - Расчеты между резидентами в иностранной валюте по договорам транспортной экспедиции, перевозки и фрахтования (чартера) при оказании экспедитором, перевозчиком и фрахтовщиком услуг, связанных с перевозкой вывозимого из Российской Федерации или ввозимого в Российскую Федерацию груза, транзитной перевозкой груза по территории Российской Федерации, а также по договорам страхования указанных грузов 
61100 - Переводы иностранной валюты с транзитного валютного счета резидента на другой транзитный валютный счет этого резидента или расчетный счет этого резидента в иностранной валюте 
61115 - Расчеты в иностранной валюте между резидентами, являющимися комиссионерами (агентами, поверенными), и резидентами, являющимися комитентами (принципалами, доверителями), при оказании комиссионерами (агентами, поверенными) услуг, связанных с заключением и исполнением договоров с нерезидентами о передаче товаров, выполнении работ, об оказании услуг, о передаче информации и результатов интеллектуальной деятельности, в том числе исключительных прав на них, включая операции по возврату комитентам (принципалам, доверителям) денежных средств, за исключением платежей по кодам 57010, 58030 и 61162 Приложения 1 Инструкции Банка России от 16.08.2017 № 181-И "О порядке представления резидентами и нерезидентами уполномоченным банкам подтверждающих документов и информации при осуществлении валютных операций, о единых формах учета и отчетности по валютным операциям, порядке и сроках их представления"
61130 - Переводы иностранной валюты с расчетного счета резидента в иностранной валюте, открытого в уполномоченном банке, на счет этого же резидента в иностранной валюте, открытый в этом же уполномоченном банке, со счета резидента в иностранной валюте, открытого в уполномоченном банке, на расчетный счет этого же резидента в иностранной валюте, открытый в этом же уполномоченном банке
61135 - Переводы иностранной валюты с расчетного счета резидента в иностранной валюте, открытого в уполномоченном банке, на счет этого резидента в иностранной валюте, открытый в другом уполномоченном банке, со счета резидента в иностранной валюте, открытого в уполномоченном банке, на расчетный счет этого резидента в иностранной валюте, открытый в другом уполномоченном банке 
61140 - Переводы иностранной валюты или валюты Российской Федерации со счета резидента, открытого в банке-нерезиденте, на счет этого резидента, открытый в уполномоченном банке 
61145 - Переводы иностранной валюты со счета резидента, открытого в банке-нерезиденте, на счет другого резидента, открытый в уполномоченном банке 
61150 - Переводы иностранной валюты или валюты Российской Федерации с расчетного счета резидента, открытого в уполномоченном банке, на счет этого же резидента, открытый в банке-нерезиденте 
61155 - Переводы иностранной валюты с расчетного счета резидента, открытого в уполномоченном банке, на счет другого резидента, открытый в банке-нерезиденте 
61160 - Расчеты между резидентами в иностранной валюте, связанные с внесением и возвратом индивидуального, коллективного клирингового обеспечения и (или) иного обеспечения, в том числе внесенного в имущественный пул, в соответствии с Федеральным законом от 7 февраля 2011 года N 7-ФЗ "О клиринге, клиринговой деятельности и центральном контрагенте" (Собрание законодательства Российской Федерации, 2011, N 7, ст. 904; N 48, ст. 6728; N 49, ст. 7040, ст. 7061; 2012, N 53, ст. 7607; 2013, N 30, ст. 4084; 2014, N 11, ст. 1098; 2015, N 27, ст. 4001; N 29, ст. 4357; 2016, N 1, ст. 23, ст. 47; 2017, N 30, ст. 4456) (далее - Федеральный закон "О клиринге, клиринговой деятельности и центральном контрагенте")
61161 - Расчеты между резидентами в иностранной валюте по итогам клиринга, осуществляемого в соответствии с Федеральным законом "О клиринге, клиринговой деятельности и центральном контрагенте"
61162 - Расчеты в иностранной валюте между резидентами, являющимися комиссионерами (агентами, поверенными), и резидентами, являющимися комитентами (принципалами, доверителями), при оказании комиссионерами (агентами, поверенными) услуг, связанных с заключением и исполнением договоров, обязательства по которым подлежат исполнению по итогам клиринга, осуществляемого в соответствии с Федеральным законом "О клиринге, клиринговой деятельности и центральном контрагенте", в том числе возвратом комитентам (принципалам, доверителям) денежных средств
61163 - Расчеты в иностранной валюте между резидентами, связанные с исполнением и (или) прекращением договора, являющегося производным финансовым инструментом 
61164 - Переводы валюты Российской Федерации со счета резидента, открытого в банке-нерезиденте, на счет другого резидента, открытый в уполномоченном банке 
61165 - Переводы валюты Российской Федерации со счета резидента, открытого в уполномоченном банке, на счет другого резидента, открытый в банке-нерезиденте 
61170 - Снятие наличной иностранной валюты со счета резидента в иностранной валюте, открытого в уполномоченном банке 
61175 - Зачисление наличной иностранной валюты на счет резидента в иностранной валюте, открытый в уполномоченном банке 
61176 - Расчеты между финансовым агентом (фактором) - резидентом и резидентом в иностранной валюте и валюте Российской Федерации в рамках заключенных между этими резидентами договоров финансирования под уступку денежного требования (факторинга) 
61177 - Расчеты в иностранной валюте между резидентами, связанные с приобретением и отчуждением валютных ценностей, выступающих в качестве обеспечения исполнения обязательства, предусмотренного договором репо, договором, являющимся производным финансовым инструментом, и (или) договором иного вида, заключенными на условиях, определенных генеральным соглашением (единым договором), при условии, что одной из сторон по такому договору является уполномоченный банк или профессиональный участник рынка ценных бумаг
61180 - Иные переводы иностранной валюты с расчетного счета резидента в иностранной валюте, открытого в уполномоченном банке, на счет другого резидента в иностранной валюте, открытый в этом или другом уполномоченном банке, разрешенные Федеральным законом «О валютном регулировании и валютном контроле»
61200 - Расчеты с использованием банковской карты, за исключением расчетов по договору, по которому установлено требование о его постановке на учет в соответствии с разделом II Инструкции Банка России от 16.08.2017 № 181-И "О порядке представления резидентами и нерезидентами уполномоченным банкам подтверждающих документов и информации при осуществлении валютных операций, о единых формах учета и отчетности по валютным операциям, порядке и сроках их представления", связанные со списанием с расчетного счета резидента в уполномоченном банке иностранной валюты в пользу резидента или нерезидента и (или) валюты Российской Федерации при проведении операций в пользу нерезидента
70010 - Расчеты нерезидента в пользу резидента, связанные с уплатой налогов, пошлин и иных сборов, за исключением расчетов по коду 70120 Приложения 1 Инструкции Банка России от 16.08.2017 № 181-И "О порядке представления резидентами и нерезидентами уполномоченным банкам подтверждающих документов и информации при осуществлении валютных операций, о единых формах учета и отчетности по валютным операциям, порядке и сроках их представления"
70020 - Расчеты резидента в пользу нерезидента, связанные с уплатой налогов, пошлин и иных сборов, за исключением расчетов по коду 70125 Приложения 1 Инструкции Банка России от 16.08.2017 № 181-И "О порядке представления резидентами и нерезидентами уполномоченным банкам подтверждающих документов и информации при осуществлении валютных операций, о единых формах учета и отчетности по валютным операциям, порядке и сроках их представления"
70030 - Расчеты, связанные с выплатой нерезидентом резиденту пенсий, пособий и других социальных выплат, за исключением расчетов по коду 70120 Приложения 1 Инструкции Банка России от 16.08.2017 № 181-И "О порядке представления резидентами и нерезидентами уполномоченным банкам подтверждающих документов и информации при осуществлении валютных операций, о единых формах учета и отчетности по валютным операциям, порядке и сроках их представления"
70040 - Расчеты, связанные с выплатой резидентом нерезиденту пенсий, пособий и других социальных выплат, за исключением расчетов по коду 70125 Приложения 1 Инструкции Банка России от 16.08.2017 № 181-И "О порядке представления резидентами и нерезидентами уполномоченным банкам подтверждающих документов и информации при осуществлении валютных операций, о единых формах учета и отчетности по валютным операциям, порядке и сроках их представления"
70050 - Расчеты, связанные с выплатой нерезидентом резиденту заработной платы и других видов оплаты труда, за исключением расчетов по коду 70120 Приложения 1 Инструкции Банка России от 16.08.2017 № 181-И "О порядке представления резидентами и нерезидентами уполномоченным банкам подтверждающих документов и информации при осуществлении валютных операций, о единых формах учета и отчетности по валютным операциям, порядке и сроках их представления"
70060 - Расчеты, связанные с выплатой резидентом нерезиденту заработной платы и других видов оплаты труда, за исключением расчетов по коду 70125 Приложения 1 Инструкции Банка России от 16.08.2017 № 181-И "О порядке представления резидентами и нерезидентами уполномоченным банкам подтверждающих документов и информации при осуществлении валютных операций, о единых формах учета и отчетности по валютным операциям, порядке и сроках их представления"
70090 - Расчеты, связанные с оказанием нерезидентом резиденту безвозмездной финансовой помощи, за исключением расчетов по коду 70100 Приложения 1 Инструкции Банка России от 16.08.2017 № 181-И "О порядке представления резидентами и нерезидентами уполномоченным банкам подтверждающих документов и информации при осуществлении валютных операций, о единых формах учета и отчетности по валютным операциям, порядке и сроках их представления"
70095 - Расчеты, связанные с оказанием резидентом нерезиденту безвозмездной финансовой помощи, за исключением расчетов по коду 70105 Приложения 1 Инструкции Банка России от 16.08.2017 № 181-И "О порядке представления резидентами и нерезидентами уполномоченным банкам подтверждающих документов и информации при осуществлении валютных операций, о единых формах учета и отчетности по валютным операциям, порядке и сроках их представления"
70100 - Расчеты, связанные с оказанием нерезидентом резиденту благотворительной помощи, сбором пожертвований, выплатой (получением) грантов и иных платежей на безвозмездной основе 
70105 - Расчеты, связанные с оказанием резидентом нерезиденту благотворительной помощи, сбором пожертвований, выплатой (получением) грантов и иных платежей на безвозмездной основе 
70110 - Расчеты нерезидента в пользу резидента, связанные с выплатой страхового возмещения по договору страхования или перестрахования 
70115 - Расчеты резидента в пользу нерезидента, связанные с выплатой страхового возмещения по договору страхования или перестрахования 
70120 - Расчеты нерезидента в пользу резидента, связанные с исполнением решений судебных органов 
70125 - Расчеты резидента в пользу нерезидента, связанные с исполнением решений судебных органов 
70200 - Прочие расчеты нерезидента в пользу резидента по неторговым операциям, за исключением расчетов по кодам 70010, 70030, 70050, 70090, 70100, 70110, 70120 Приложения 1 Инструкции Банка России от 16.08.2017 № 181-И "О порядке представления резидентами и нерезидентами уполномоченным банкам подтверждающих документов и информации при осуществлении валютных операций, о единых формах учета и отчетности по валютным операциям, порядке и сроках их представления"
70205 - Прочие расчеты резидента в пользу нерезидента по неторговым операциям, за исключением расчетов по кодам 70020, 70040, 70060, 70095, 70105, 70115, 70125 Приложения 1 Инструкции Банка России от 16.08.2017 № 181-И "О порядке представления резидентами и нерезидентами уполномоченным банкам подтверждающих документов и информации при осуществлении валютных операций, о единых формах учета и отчетности по валютным операциям, порядке и сроках их представления"
70800 - Расчеты резидента в пользу нерезидента, связанные с возвратом излишне (ошибочно) полученных денежных средств по неторговым операциям
70900 - Расчеты нерезидента в пользу резидента, связанные с возвратом излишне (ошибочно) полученных денежных средств по неторговым операциям
80010 - Расчеты между нерезидентом и уполномоченным банком в валюте Российской Федерации по кредитному договору 
80020 - Списание валюты Российской Федерации с банковского счета нерезидента в валюте Российской Федерации в связи с открытием аккредитива 
80021 - Зачисление валюты Российской Федерации на банковский счет нерезидента в валюте Российской Федерации в связи с возвратом неиспользованной суммы аккредитива при закрытии аккредитива
80050 - Расчеты между нерезидентом и уполномоченным банком в валюте Российской Федерации по иным операциям, за исключением расчетов, указанных в группах 02, 57 и 58 Приложения 1 Инструкции Банка России от 16.08.2017 № 181-И "О порядке представления резидентами и нерезидентами уполномоченным банкам подтверждающих документов и информации при осуществлении валютных операций, о единых формах учета и отчетности по валютным операциям, порядке и сроках их представления", и расчетов по кодам 80010, 80020, 80021
80110 - Расчеты между резидентом и уполномоченным банком в иностранной валюте по кредитному договору 
80120 - Списание иностранной валюты, валюты Российской Федерации с расчетного счета резидента в уполномоченном банке в связи с открытием аккредитива в пользу нерезидента 
80121 - Зачисление иностранной валюты, валюты Российской Федерации на расчетный счет резидента в уполномоченном банке в связи с возвратом неиспользованной суммы аккредитива при закрытии аккредитива
80150 - Расчеты между резидентом и уполномоченным банком в иностранной валюте по иным операциям, за исключением расчетов, указанных в группах 01, 57 и 58 Приложения 1 Инструкции Банка России от 16.08.2017 № 181-И "О порядке представления резидентами и нерезидентами уполномоченным банкам подтверждающих документов и информации при осуществлении валютных операций, о единых формах учета и отчетности по валютным операциям, порядке и сроках их представления", и расчетов по кодам 80110, 80120, 80121
99010 - Возврат резиденту ошибочно списанных (зачисленных) денежных средств, в том числе при возврате денежных средств банками-корреспондентами
99020 - Возврат нерезиденту ошибочно списанных (зачисленных) денежных средств, в том числе при возврате денежных средств банками-корреспондентами
99030 - Расчеты между резидентом и нерезидентом (являющимся третьим лицом или поручителем), связанные с исполнением нерезидентом обязательств другого резидента по заключенному между резидентами договору
99035 - Расчеты между нерезидентом и резидентом (являющимся третьим лицом или поручителем), связанные с исполнением резидентом обязательств другого нерезидента по заключенному между нерезидентами договору
99090 - Расчеты по операциям, не указанным в группах 01 - 80 Приложения 1 Инструкции Банка России от 16.08.2017 № 181-И "О порядке представления резидентами и нерезидентами уполномоченным банкам подтверждающих документов и информации при осуществлении валютных операций, о единых формах учета и отчетности по валютным операциям, порядке и сроках их представления", а также за исключением платежей по кодам 99010, 99020, 99030, 99035
00000 - Сведения отсутствуют
